{"branches": 92.5925925925926, "coverage": 90.63829787234042}